"aesthetic","aes_link"
"Random Article","https://aesthetics.fandom.com/wiki/Special:Random"
"By Category","https://aesthetics.fandom.com/wiki/By_Category"
"Index of Nation-Based Aesthetics","https://aesthetics.fandom.com/wiki/Index_of_Nation-Based_Aesthetics"
"Index of Music-Based Aesthetics","https://aesthetics.fandom.com/wiki/Index_of_Music-Based_Aesthetics"
"Index of Nature-Based Aesthetics","https://aesthetics.fandom.com/wiki/Index_of_Nature-Based_Aesthetics"
"List of Deleted Pages and Why","https://aesthetics.fandom.com/wiki/List_of_Deleted_Pages_and_Why"
"Pages We Need","https://aesthetics.fandom.com/wiki/Pages_We_Need"
"2000s Virtual Singer","https://aesthetics.fandom.com/wiki/2000s_Virtual_Singer"
"2010s Internet","https://aesthetics.fandom.com/wiki/2010s_Internet"
"2014 Girly","https://aesthetics.fandom.com/wiki/2014_Girly"
"2014 Tumblr","https://aesthetics.fandom.com/wiki/2014_Tumblr"
"2020s E-Kid","https://aesthetics.fandom.com/wiki/2020s_E-Kid"
"2020s Gamer","https://aesthetics.fandom.com/wiki/2020s_Gamer"
"2K1","https://aesthetics.fandom.com/wiki/2K1"
"2K5","https://aesthetics.fandom.com/wiki/2K5"
"2K7","https://aesthetics.fandom.com/wiki/2K7"
"2 Tone","https://aesthetics.fandom.com/wiki/2_Tone"
"50s Suburbia","https://aesthetics.fandom.com/wiki/50s_Suburbia"
"7 HD","https://aesthetics.fandom.com/wiki/7_HD"
"80s Heartthrob","https://aesthetics.fandom.com/wiki/80s_Heartthrob"
"80 Thousand","https://aesthetics.fandom.com/wiki/80_Thousand"
"808 Volt Mix","https://aesthetics.fandom.com/wiki/808_Volt_Mix"
"8-Bit","https://aesthetics.fandom.com/wiki/8-Bit"
"90s Cool","https://aesthetics.fandom.com/wiki/90s_Cool"
"Abstract Tech","https://aesthetics.fandom.com/wiki/Abstract_Tech"
"Acid Design","https://aesthetics.fandom.com/wiki/Acid_Design"
"Acid Pixie","https://aesthetics.fandom.com/wiki/Acid_Pixie"
"Acidwave","https://aesthetics.fandom.com/wiki/Acidwave"
"Adventurecore","https://aesthetics.fandom.com/wiki/Adventurecore"
"Adventure Pulp","https://aesthetics.fandom.com/wiki/Adventure_Pulp"
"Aeropittura","https://aesthetics.fandom.com/wiki/Aeropittura"
"Aestheticism","https://aesthetics.fandom.com/wiki/Aestheticism"
"Aetherpunk","https://aesthetics.fandom.com/wiki/Aetherpunk"
"Afrofuturism","https://aesthetics.fandom.com/wiki/Afrofuturism"
"Afropunk","https://aesthetics.fandom.com/wiki/Afropunk"
"Afro-Victorian","https://aesthetics.fandom.com/wiki/Afro-Victorian"
"After Hours","https://aesthetics.fandom.com/wiki/After_Hours"
"Agropeople","https://aesthetics.fandom.com/wiki/Agropeople"
"Ah Beng","https://aesthetics.fandom.com/wiki/Ah_Beng"
"Alien","https://aesthetics.fandom.com/wiki/Alien"
"Alternative","https://aesthetics.fandom.com/wiki/Alternative"
"Amateur Photography","https://aesthetics.fandom.com/wiki/Amateur_Photography"
"Americana","https://aesthetics.fandom.com/wiki/Americana"
"American Gothic","https://aesthetics.fandom.com/wiki/American_Gothic"
"American Kitsch","https://aesthetics.fandom.com/wiki/American_Kitsch"
"American Pioneers","https://aesthetics.fandom.com/wiki/American_Pioneers"
"American Revolution","https://aesthetics.fandom.com/wiki/American_Revolution"
"American Thanksgiving","https://aesthetics.fandom.com/wiki/American_Thanksgiving"
"American Tourist Traps","https://aesthetics.fandom.com/wiki/American_Tourist_Traps"
"Analog Horror","https://aesthetics.fandom.com/wiki/Analog_Horror"
"Ancient Egypt","https://aesthetics.fandom.com/wiki/Ancient_Egypt"
"Ancient Y2K","https://aesthetics.fandom.com/wiki/Ancient_Y2K"
"Androgynous","https://aesthetics.fandom.com/wiki/Androgynous"
"Angelcore","https://aesthetics.fandom.com/wiki/Angelcore"
"Anglocore","https://aesthetics.fandom.com/wiki/Anglocore"
"Anglo Gothic","https://aesthetics.fandom.com/wiki/Anglo_Gothic"
"Angura","https://aesthetics.fandom.com/wiki/Angura"
"Animecore","https://aesthetics.fandom.com/wiki/Animecore"
"Anime New Moon","https://aesthetics.fandom.com/wiki/Anime_New_Moon"
"Anti-Fashion","https://aesthetics.fandom.com/wiki/Anti-Fashion"
"Antique Grunge","https://aesthetics.fandom.com/wiki/Antique_Grunge"
"‎Appalachian Gothic","https://aesthetics.fandom.com/wiki/Appalachian_Gothic"
"Arabfunny","https://aesthetics.fandom.com/wiki/Arabfunny"
"Arabian Nights","https://aesthetics.fandom.com/wiki/Arabian_Nights"
"Arcadecore","https://aesthetics.fandom.com/wiki/Arcadecore"
"Aristocrat","https://aesthetics.fandom.com/wiki/Aristocrat"
"Art Academia","https://aesthetics.fandom.com/wiki/Art_Academia"
"Artcore","https://aesthetics.fandom.com/wiki/Artcore"
"Art Deco","https://aesthetics.fandom.com/wiki/Art_Deco"
"Art Hoe","https://aesthetics.fandom.com/wiki/Art_Hoe"
"Artificial Nature","https://aesthetics.fandom.com/wiki/Artificial_Nature"
"Art in the Chapels","https://aesthetics.fandom.com/wiki/Art_in_the_Chapels"
"Art Nouveau","https://aesthetics.fandom.com/wiki/Art_Nouveau"
"Arts and Crafts Movement","https://aesthetics.fandom.com/wiki/Arts_and_Crafts_Movement"
"Asian Baby Girl","https://aesthetics.fandom.com/wiki/Asian_Baby_Girl"
"Athlete","https://aesthetics.fandom.com/wiki/Athlete"
"Atompunk","https://aesthetics.fandom.com/wiki/Atompunk"
"Auroracore","https://aesthetics.fandom.com/wiki/Auroracore"
"Australiana","https://aesthetics.fandom.com/wiki/Australiana"
"Australian Outback","https://aesthetics.fandom.com/wiki/Australian_Outback"
"Autumn","https://aesthetics.fandom.com/wiki/Autumn"
"Autumn Academia","https://aesthetics.fandom.com/wiki/Autumn_Academia"
"Avant Apocalypse","https://aesthetics.fandom.com/wiki/Avant_Apocalypse"
"Avant-garde","https://aesthetics.fandom.com/wiki/Avant-garde"
"Babycore","https://aesthetics.fandom.com/wiki/Babycore"
"Babygirl","https://aesthetics.fandom.com/wiki/Babygirl"
"Back-to-School","https://aesthetics.fandom.com/wiki/Back-to-School"
"Baddie","https://aesthetics.fandom.com/wiki/Baddie"
"Bakala","https://aesthetics.fandom.com/wiki/Bakala"
"Balkan Violence Tumblr","https://aesthetics.fandom.com/wiki/Balkan_Violence_Tumblr"
"Ballet Academia","https://aesthetics.fandom.com/wiki/Ballet_Academia"
"Balletcore","https://aesthetics.fandom.com/wiki/Balletcore"
"Ballroom culture","https://aesthetics.fandom.com/wiki/Ballroom_culture"
"Bankara","https://aesthetics.fandom.com/wiki/Bankara"
"Barbiecore","https://aesthetics.fandom.com/wiki/Barbiecore"
"Bardcore","https://aesthetics.fandom.com/wiki/Bardcore"
"Baroque","https://aesthetics.fandom.com/wiki/Baroque"
"Basic Girl","https://aesthetics.fandom.com/wiki/Basic_Girl"
"Basque Radical Rock","https://aesthetics.fandom.com/wiki/Basque_Radical_Rock"
"Bastardcore","https://aesthetics.fandom.com/wiki/Bastardcore"
"Bauhaus","https://aesthetics.fandom.com/wiki/Bauhaus"
"Beach Bunny","https://aesthetics.fandom.com/wiki/Beach_Bunny"
"Beach Day","https://aesthetics.fandom.com/wiki/Beach_Day"
"Beach Girl","https://aesthetics.fandom.com/wiki/Beach_Girl"
"Beatnik","https://aesthetics.fandom.com/wiki/Beatnik"
"Belgian New Beat","https://aesthetics.fandom.com/wiki/Belgian_New_Beat"
"Biker","https://aesthetics.fandom.com/wiki/Biker"
"Bimbocore","https://aesthetics.fandom.com/wiki/Bimbocore"
"Biopunk","https://aesthetics.fandom.com/wiki/Biopunk"
"Bizarro Fiction","https://aesthetics.fandom.com/wiki/Bizarro_Fiction"
"Black-Holed Meme","https://aesthetics.fandom.com/wiki/Black-Holed_Meme"
"Black Metal","https://aesthetics.fandom.com/wiki/Black_Metal"
"Bleak Crush","https://aesthetics.fandom.com/wiki/Bleak_Crush"
"Blingeecore","https://aesthetics.fandom.com/wiki/Blingeecore"
"Blokecore","https://aesthetics.fandom.com/wiki/Blokecore"
"Blokette","https://aesthetics.fandom.com/wiki/Blokette"
"Bloomcore","https://aesthetics.fandom.com/wiki/Bloomcore"
"Blue Night","https://aesthetics.fandom.com/wiki/Blue_Night"
"B-Movie Horror","https://aesthetics.fandom.com/wiki/B-Movie_Horror"
"Bodikon","https://aesthetics.fandom.com/wiki/Bodikon"
"Bohemian","https://aesthetics.fandom.com/wiki/Bohemian"
"Bombardier","https://aesthetics.fandom.com/wiki/Bombardier"
"Bon Chic, Bon Genre","https://aesthetics.fandom.com/wiki/Bon_Chic,_Bon_Genre"
"Bondage","https://aesthetics.fandom.com/wiki/Bondage"
"Bookstore Girl","https://aesthetics.fandom.com/wiki/Bookstore_Girl"
"Bootleg Game","https://aesthetics.fandom.com/wiki/Bootleg_Game"
"Bosozoku","https://aesthetics.fandom.com/wiki/Bosozoku"
"Boujee","https://aesthetics.fandom.com/wiki/Boujee"
"Boy Next Door","https://aesthetics.fandom.com/wiki/Boy_Next_Door"
"Boystyle","https://aesthetics.fandom.com/wiki/Boystyle"
"Brazilian Pop Bar","https://aesthetics.fandom.com/wiki/Brazilian_Pop_Bar"
"Breakcore","https://aesthetics.fandom.com/wiki/Breakcore"
"Bratzcore","https://aesthetics.fandom.com/wiki/Bratzcore"
"Bright Tertiaries","https://aesthetics.fandom.com/wiki/Bright_Tertiaries"
"Britpop","https://aesthetics.fandom.com/wiki/Britpop"
"Bro","https://aesthetics.fandom.com/wiki/Bro"
"Bronzepunk","https://aesthetics.fandom.com/wiki/Bronzepunk"
"Brutal Industrial","https://aesthetics.fandom.com/wiki/Brutal_Industrial"
"Bubble Bujo","https://aesthetics.fandom.com/wiki/Bubble_Bujo"
"Bubbleglam","https://aesthetics.fandom.com/wiki/Bubbleglam"
"Bubble Goth","https://aesthetics.fandom.com/wiki/Bubble_Goth"
"Bubblegum Bitch","https://aesthetics.fandom.com/wiki/Bubblegum_Bitch"
"Bubblegum Coquette","https://aesthetics.fandom.com/wiki/Bubblegum_Coquette"
"Bubblegum Dance","https://aesthetics.fandom.com/wiki/Bubblegum_Dance"
"Bubblegum Witch","https://aesthetics.fandom.com/wiki/Bubblegum_Witch"
"Buckle Bunny","https://aesthetics.fandom.com/wiki/Buckle_Bunny"
"Burlesque","https://aesthetics.fandom.com/wiki/Burlesque"
"Busukawaii","https://aesthetics.fandom.com/wiki/Busukawaii"
"Cabincore","https://aesthetics.fandom.com/wiki/Cabincore"
"Cagole","https://aesthetics.fandom.com/wiki/Cagole"
"Camp","https://aesthetics.fandom.com/wiki/Camp"
"Campcore","https://aesthetics.fandom.com/wiki/Campcore"
"Candyland","https://aesthetics.fandom.com/wiki/Candyland"
"Cani","https://aesthetics.fandom.com/wiki/Cani"
"Captchacore","https://aesthetics.fandom.com/wiki/Captchacore"
"Caricaturism","https://aesthetics.fandom.com/wiki/Caricaturism"
"Cartelcore","https://aesthetics.fandom.com/wiki/Cartelcore"
"Cartooncore","https://aesthetics.fandom.com/wiki/Cartooncore"
"Casino","https://aesthetics.fandom.com/wiki/Casino"
"Cassette Futurism","https://aesthetics.fandom.com/wiki/Cassette_Futurism"
"Catholic Horror","https://aesthetics.fandom.com/wiki/Catholic_Horror"
"Cayetana","https://aesthetics.fandom.com/wiki/Cayetana"
"Changelingcore","https://aesthetics.fandom.com/wiki/Changelingcore"
"Chaotic Academia","https://aesthetics.fandom.com/wiki/Chaotic_Academia"
"Chav","https://aesthetics.fandom.com/wiki/Chav"
"Cheiron Crush","https://aesthetics.fandom.com/wiki/Cheiron_Crush"
"Cherry Emoji Twitter","https://aesthetics.fandom.com/wiki/Cherry_Emoji_Twitter"
"Chicano Lowrider","https://aesthetics.fandom.com/wiki/Chicano_Lowrider"
"Chicha","https://aesthetics.fandom.com/wiki/Chicha"
"Chic Modernist","https://aesthetics.fandom.com/wiki/Chic_Modernist"
"Chinese New Year","https://aesthetics.fandom.com/wiki/Chinese_New_Year"
"Choco Girl","https://aesthetics.fandom.com/wiki/Choco_Girl"
"Cholo","https://aesthetics.fandom.com/wiki/Cholo"
"Chonga","https://aesthetics.fandom.com/wiki/Chonga"
"Choni","https://aesthetics.fandom.com/wiki/Choni"
"Christian Hardcore","https://aesthetics.fandom.com/wiki/Christian_Hardcore"
"Christmas","https://aesthetics.fandom.com/wiki/Christmas"
"Chromecore","https://aesthetics.fandom.com/wiki/Chromecore"
"Chunyu","https://aesthetics.fandom.com/wiki/Chunyu"
"Cinnamon Girl","https://aesthetics.fandom.com/wiki/Cinnamon_Girl"
"City Pop","https://aesthetics.fandom.com/wiki/City_Pop"
"Classic Academia","https://aesthetics.fandom.com/wiki/Classic_Academia"
"Classicism","https://aesthetics.fandom.com/wiki/Classicism"
"Classic Lolita","https://aesthetics.fandom.com/wiki/Classic_Lolita"
"Cleancore","https://aesthetics.fandom.com/wiki/Cleancore"
"Clean Girl","https://aesthetics.fandom.com/wiki/Clean_Girl"
"Clockpunk","https://aesthetics.fandom.com/wiki/Clockpunk"
"Clowncore","https://aesthetics.fandom.com/wiki/Clowncore"
"Club","https://aesthetics.fandom.com/wiki/Club"
"Club Kids","https://aesthetics.fandom.com/wiki/Club_Kids"
"Cluttercore","https://aesthetics.fandom.com/wiki/Cluttercore"
"Coastal Cowgirl","https://aesthetics.fandom.com/wiki/Coastal_Cowgirl"
"Coastal Grandmother","https://aesthetics.fandom.com/wiki/Coastal_Grandmother"
"Cobsoncore","https://aesthetics.fandom.com/wiki/Cobsoncore"
"Cocalar","https://aesthetics.fandom.com/wiki/Cocalar"
"Coconut Girl","https://aesthetics.fandom.com/wiki/Coconut_Girl"
"Coffee House/Cafe","https://aesthetics.fandom.com/wiki/Coffee_House/Cafe"
"Coffinwood","https://aesthetics.fandom.com/wiki/Coffinwood"
"Comfy/Cozy","https://aesthetics.fandom.com/wiki/Comfy/Cozy"
"Communist Chic","https://aesthetics.fandom.com/wiki/Communist_Chic"
"Color Pop","https://aesthetics.fandom.com/wiki/Color_Pop"
"Constructivism","https://aesthetics.fandom.com/wiki/Constructivism"
"Corporate","https://aesthetics.fandom.com/wiki/Corporate"
"Corporate Grunge","https://aesthetics.fandom.com/wiki/Corporate_Grunge"
"Corporate Memphis","https://aesthetics.fandom.com/wiki/Corporate_Memphis"
"Corporate Punk","https://aesthetics.fandom.com/wiki/Corporate_Punk"
"Cottagecore","https://aesthetics.fandom.com/wiki/Cottagecore"
"Cottagegore","https://aesthetics.fandom.com/wiki/Cottagegore"
"Coquette","https://aesthetics.fandom.com/wiki/Coquette"
"Coquette Academia","https://aesthetics.fandom.com/wiki/Coquette_Academia"
"Corporate Hippie","https://aesthetics.fandom.com/wiki/Corporate_Hippie"
"Country","https://aesthetics.fandom.com/wiki/Country"
"Cozy Childhood Hideaway","https://aesthetics.fandom.com/wiki/Cozy_Childhood_Hideaway"
"C-Pop","https://aesthetics.fandom.com/wiki/C-Pop"
"Crackhead","https://aesthetics.fandom.com/wiki/Crackhead"
"Craftcore","https://aesthetics.fandom.com/wiki/Craftcore"
"Cripplepunk","https://aesthetics.fandom.com/wiki/Cripplepunk"
"Crowcore","https://aesthetics.fandom.com/wiki/Crowcore"
"Crustpunk","https://aesthetics.fandom.com/wiki/Crustpunk"
"Cryptid Academia","https://aesthetics.fandom.com/wiki/Cryptid_Academia"
"Cryptidcore","https://aesthetics.fandom.com/wiki/Cryptidcore"
"Cubism","https://aesthetics.fandom.com/wiki/Cubism"
"Cuddle Party","https://aesthetics.fandom.com/wiki/Cuddle_Party"
"Cultcore","https://aesthetics.fandom.com/wiki/Cultcore"
"Cult Party Kei","https://aesthetics.fandom.com/wiki/Cult_Party_Kei"
"Cutecore","https://aesthetics.fandom.com/wiki/Cutecore"
"Cybercore","https://aesthetics.fandom.com/wiki/Cybercore"
"Cyberdelic","https://aesthetics.fandom.com/wiki/Cyberdelic"
"Cyberghetto","https://aesthetics.fandom.com/wiki/Cyberghetto"
"Cyber Grunge","https://aesthetics.fandom.com/wiki/Cyber_Grunge"
"Cybergoth","https://aesthetics.fandom.com/wiki/Cybergoth"
"Cyberminimalism","https://aesthetics.fandom.com/wiki/Cyberminimalism"
"Cyberneticpunk","https://aesthetics.fandom.com/wiki/Cyberneticpunk"
"Cyberparadism","https://aesthetics.fandom.com/wiki/Cyberparadism"
"Cyberpop","https://aesthetics.fandom.com/wiki/Cyberpop"
"Cyberprep","https://aesthetics.fandom.com/wiki/Cyberprep"
"Cyberpunk","https://aesthetics.fandom.com/wiki/Cyberpunk"
"Cyberspace Webrooms","https://aesthetics.fandom.com/wiki/Cyberspace_Webrooms"
"Cyber Stylin","https://aesthetics.fandom.com/wiki/Cyber_Stylin%27"
"Cybervillain","https://aesthetics.fandom.com/wiki/Cybervillain"
"Dandy","https://aesthetics.fandom.com/wiki/Dandy"
"Danish Pastel","https://aesthetics.fandom.com/wiki/Danish_Pastel"
"Dank Meme Voyage","https://aesthetics.fandom.com/wiki/Dank_Meme_Voyage"
"Dark Academia","https://aesthetics.fandom.com/wiki/Dark_Academia"
"Dark Aero","https://aesthetics.fandom.com/wiki/Dark_Aero"
"Darkcore","https://aesthetics.fandom.com/wiki/Darkcore"
"DarkErrorcore","https://aesthetics.fandom.com/wiki/DarkErrorcore"
"Darkest Academia","https://aesthetics.fandom.com/wiki/Darkest_Academia"
"Dark Fantasy","https://aesthetics.fandom.com/wiki/Dark_Fantasy"
"Dark Gatsby","https://aesthetics.fandom.com/wiki/Dark_Gatsby"
"Dark Naturalism","https://aesthetics.fandom.com/wiki/Dark_Naturalism"
"Dark Nautical","https://aesthetics.fandom.com/wiki/Dark_Nautical"
"Dark Nymphet","https://aesthetics.fandom.com/wiki/Dark_Nymphet"
"Dark Paradise","https://aesthetics.fandom.com/wiki/Dark_Paradise"
"Dark Royaltycore","https://aesthetics.fandom.com/wiki/Dark_Royaltycore"
"Dark Y2K","https://aesthetics.fandom.com/wiki/Dark_Y2K"
"Dau al Set","https://aesthetics.fandom.com/wiki/Dau_al_Set"
"Daydreampunk","https://aesthetics.fandom.com/wiki/Daydreampunk"
"Dazecore","https://aesthetics.fandom.com/wiki/Dazecore"
"Dead Inside","https://aesthetics.fandom.com/wiki/Dead_Inside"
"Deathcore","https://aesthetics.fandom.com/wiki/Deathcore"
"Death Metal","https://aesthetics.fandom.com/wiki/Death_Metal"
"Deathrock","https://aesthetics.fandom.com/wiki/Deathrock"
"Decopunk","https://aesthetics.fandom.com/wiki/Decopunk"
"Decora","https://aesthetics.fandom.com/wiki/Decora"
"Deep Fried Meme","https://aesthetics.fandom.com/wiki/Deep_Fried_Meme"
"Deep TikTok","https://aesthetics.fandom.com/wiki/Deep_TikTok"
"Delicate Sweet","https://aesthetics.fandom.com/wiki/Delicate_Sweet"
"Denpa","https://aesthetics.fandom.com/wiki/Denpa"
"Desertwave","https://aesthetics.fandom.com/wiki/Desertwave"
"Desi Romantic Academia","https://aesthetics.fandom.com/wiki/Desi_Romantic_Academia"
"De Stijl","https://aesthetics.fandom.com/wiki/De_Stijl"
"Dethereal","https://aesthetics.fandom.com/wiki/Dethereal"
"Devilcore","https://aesthetics.fandom.com/wiki/Devilcore"
"Día De Los Muertos","https://aesthetics.fandom.com/wiki/D%C3%ADa_De_Los_Muertos"
"Dieselpunk","https://aesthetics.fandom.com/wiki/Dieselpunk"
"Digital Horror","https://aesthetics.fandom.com/wiki/Digital_Horror"
"Digital Oddity","https://aesthetics.fandom.com/wiki/Digital_Oddity"
"Diner","https://aesthetics.fandom.com/wiki/Diner"
"Dionysism","https://aesthetics.fandom.com/wiki/Dionysism"
"Disco","https://aesthetics.fandom.com/wiki/Disco"
"Disco Polo","https://aesthetics.fandom.com/wiki/Disco_Polo"
"Dizelaši","https://aesthetics.fandom.com/wiki/Dizela%C5%A1i"
"Dokukawaii","https://aesthetics.fandom.com/wiki/Dokukawaii"
"Dollar Store Vernacular","https://aesthetics.fandom.com/wiki/Dollar_Store_Vernacular"
"Dollcore","https://aesthetics.fandom.com/wiki/Dollcore"
"Dollette","https://aesthetics.fandom.com/wiki/Dollette"
"Dolly Girl","https://aesthetics.fandom.com/wiki/Dolly_Girl"
"Dolly Kei","https://aesthetics.fandom.com/wiki/Dolly_Kei"
"Doodlecore","https://aesthetics.fandom.com/wiki/Doodlecore"
"Doomer","https://aesthetics.fandom.com/wiki/Doomer"
"Dopamine","https://aesthetics.fandom.com/wiki/Dopamine"
"DORFic","https://aesthetics.fandom.com/wiki/DORFic"
"Downtown Girl","https://aesthetics.fandom.com/wiki/Downtown_Girl"
"Dracopunk","https://aesthetics.fandom.com/wiki/Dracopunk"
"Dragoncore","https://aesthetics.fandom.com/wiki/Dragoncore"
"Drain","https://aesthetics.fandom.com/wiki/Drain"
"Dreamcore","https://aesthetics.fandom.com/wiki/Dreamcore"
"Dream Punk","https://aesthetics.fandom.com/wiki/Dream_Punk"
"Dreamy","https://aesthetics.fandom.com/wiki/Dreamy"
"Dresiarz","https://aesthetics.fandom.com/wiki/Dresiarz"
"Driftcore","https://aesthetics.fandom.com/wiki/Driftcore"
"Drugcore","https://aesthetics.fandom.com/wiki/Drugcore"
"Dual Kawaii","https://aesthetics.fandom.com/wiki/Dual_Kawaii"
"Dullcore","https://aesthetics.fandom.com/wiki/Dullcore"
"Dungeoncore","https://aesthetics.fandom.com/wiki/Dungeoncore"
"Dungeonpunk","https://aesthetics.fandom.com/wiki/Dungeonpunk"
"Dungeon Synth","https://aesthetics.fandom.com/wiki/Dungeon_Synth"
"Dutch Golden Age","https://aesthetics.fandom.com/wiki/Dutch_Golden_Age"
"Earthcore","https://aesthetics.fandom.com/wiki/Earthcore"
"Earthy Black Girl","https://aesthetics.fandom.com/wiki/Earthy_Black_Girl"
"E-Boy","https://aesthetics.fandom.com/wiki/E-Boy"
"Eccentric","https://aesthetics.fandom.com/wiki/Eccentric"
"Edgy Meme","https://aesthetics.fandom.com/wiki/Edgy_Meme"
"E-Girl","https://aesthetics.fandom.com/wiki/E-Girl"
"ElectroPop 08","https://aesthetics.fandom.com/wiki/ElectroPop_08"
"Electro-Eclectic","https://aesthetics.fandom.com/wiki/Electro-Eclectic"
"Electro Swing","https://aesthetics.fandom.com/wiki/Electro_Swing"
"Elizabethan England","https://aesthetics.fandom.com/wiki/Elizabethan_England"
"ElsaGate","https://aesthetics.fandom.com/wiki/ElsaGate"
"Emo","https://aesthetics.fandom.com/wiki/Emo"
"English Major","https://aesthetics.fandom.com/wiki/English_Major"
"English Southern Girl","https://aesthetics.fandom.com/wiki/English_Southern_Girl"
"Equestrian","https://aesthetics.fandom.com/wiki/Equestrian"
"Ero-Guro","https://aesthetics.fandom.com/wiki/Ero-Guro"
"Erokawa","https://aesthetics.fandom.com/wiki/Erokawa"
"Eshay","https://aesthetics.fandom.com/wiki/Eshay"
"Españolada","https://aesthetics.fandom.com/wiki/Espa%C3%B1olada"
"Ethereal","https://aesthetics.fandom.com/wiki/Ethereal"
"Ethereal Death","https://aesthetics.fandom.com/wiki/Ethereal_Death"
"Ethno-Chic","https://aesthetics.fandom.com/wiki/Ethno-Chic"
"Europunk","https://aesthetics.fandom.com/wiki/Europunk"
"EXEcore","https://aesthetics.fandom.com/wiki/EXEcore"
"Expressionism","https://aesthetics.fandom.com/wiki/Expressionism"
"Factory Pomo","https://aesthetics.fandom.com/wiki/Factory_Pomo"
"Fairy Academia","https://aesthetics.fandom.com/wiki/Fairy_Academia"
"Fairycore","https://aesthetics.fandom.com/wiki/Fairycore"
"Fairy Grunge","https://aesthetics.fandom.com/wiki/Fairy_Grunge"
"Fairy Kei","https://aesthetics.fandom.com/wiki/Fairy_Kei"
"Fairy Tale","https://aesthetics.fandom.com/wiki/Fairy_Tale"
"Fanfare","https://aesthetics.fandom.com/wiki/Fanfare"
"Fantasy","https://aesthetics.fandom.com/wiki/Fantasy"
"Fantasy Astronomy","https://aesthetics.fandom.com/wiki/Fantasy_Astronomy"
"FantasY2K","https://aesthetics.fandom.com/wiki/FantasY2K"
"Farmers Daughter","https://aesthetics.fandom.com/wiki/Farmer%27s_Daughter"
"Fauvism","https://aesthetics.fandom.com/wiki/Fauvism"
"Feísmo","https://aesthetics.fandom.com/wiki/Fe%C3%ADsmo"
"Female Horror Game Protagonist Fashion","https://aesthetics.fandom.com/wiki/Female_Horror_Game_Protagonist_Fashion"
"Femboy","https://aesthetics.fandom.com/wiki/Femboy"
"Femcel Weeaboo","https://aesthetics.fandom.com/wiki/Femcel_Weeaboo"
"Femme Fatale","https://aesthetics.fandom.com/wiki/Femme_Fatale"
"Feralcore","https://aesthetics.fandom.com/wiki/Feralcore"
"Fieldcore","https://aesthetics.fandom.com/wiki/Fieldcore"
"Figuration Narrative","https://aesthetics.fandom.com/wiki/Figuration_Narrative"
"Film Noir","https://aesthetics.fandom.com/wiki/Film_Noir"
"Flamenco","https://aesthetics.fandom.com/wiki/Flamenco"
"Flapper","https://aesthetics.fandom.com/wiki/Flapper"
"Flat Design","https://aesthetics.fandom.com/wiki/Flat_Design"
"Flop TikTok","https://aesthetics.fandom.com/wiki/Flop_TikTok"
"Floral Academia","https://aesthetics.fandom.com/wiki/Floral_Academia"
"Folk Punk","https://aesthetics.fandom.com/wiki/Folk_Punk"
"Foodie","https://aesthetics.fandom.com/wiki/Foodie"
"Forestpunk","https://aesthetics.fandom.com/wiki/Forestpunk"
"Fotonight Web","https://aesthetics.fandom.com/wiki/Fotonight_Web"
"Four Colors","https://aesthetics.fandom.com/wiki/Four_Colors"
"Freedomcore","https://aesthetics.fandom.com/wiki/Freedomcore"
"French It Girl","https://aesthetics.fandom.com/wiki/French_It_Girl"
"French Girly","https://aesthetics.fandom.com/wiki/French_Girly"
"French Provincial Style","https://aesthetics.fandom.com/wiki/French_Provincial_Style"
"Frutiger Aero","https://aesthetics.fandom.com/wiki/Frutiger_Aero"
"Frutiger Aurora","https://aesthetics.fandom.com/wiki/Frutiger_Aurora"
"Frutiger Eco","https://aesthetics.fandom.com/wiki/Frutiger_Eco"
"Frutiger Metro","https://aesthetics.fandom.com/wiki/Frutiger_Metro"
"Funwaacore","https://aesthetics.fandom.com/wiki/Funwaacore"
"Furry","https://aesthetics.fandom.com/wiki/Furry"
"Future Funk","https://aesthetics.fandom.com/wiki/Future_Funk"
"Gabber","https://aesthetics.fandom.com/wiki/Gabber"
"Gachimuchi","https://aesthetics.fandom.com/wiki/Gachimuchi"
"Gadgetpunk","https://aesthetics.fandom.com/wiki/Gadgetpunk"
"Game Night","https://aesthetics.fandom.com/wiki/Game_Night"
"Gamercore","https://aesthetics.fandom.com/wiki/Gamercore"
"Gamine","https://aesthetics.fandom.com/wiki/Gamine"
"Gangstæxtemism","https://aesthetics.fandom.com/wiki/Gangst%C3%A6xtemism"
"Gangsta Rap","https://aesthetics.fandom.com/wiki/Gangsta_Rap"
"Galician Sentimentalism","https://aesthetics.fandom.com/wiki/Galician_Sentimentalism"
"Gardencore","https://aesthetics.fandom.com/wiki/Gardencore"
"Geek","https://aesthetics.fandom.com/wiki/Geek"
"Gesugao","https://aesthetics.fandom.com/wiki/Gesugao"
"Gen X Soft Club","https://aesthetics.fandom.com/wiki/Gen_X_Soft_Club"
"Gen Z Maximalism","https://aesthetics.fandom.com/wiki/Gen_Z_Maximalism"
"Ghostcore","https://aesthetics.fandom.com/wiki/Ghostcore"
"Girl Crush","https://aesthetics.fandom.com/wiki/Girl_Crush"
"Girl-Next-Door","https://aesthetics.fandom.com/wiki/Girl-Next-Door"
"Girly Girl","https://aesthetics.fandom.com/wiki/Girly_Girl"
"Girly (Japanese)","https://aesthetics.fandom.com/wiki/Girly_(Japanese)"
"GiscardPunk","https://aesthetics.fandom.com/wiki/GiscardPunk"
"Glam Girl","https://aesthetics.fandom.com/wiki/Glam_Girl"
"Glamorous Los Angeles","https://aesthetics.fandom.com/wiki/Glamorous_Los_Angeles"
"Glam Rock","https://aesthetics.fandom.com/wiki/Glam_Rock"
"Glassmorphism","https://aesthetics.fandom.com/wiki/Glassmorphism"
"Glitchcore","https://aesthetics.fandom.com/wiki/Glitchcore"
"Global Village Coffeehouse","https://aesthetics.fandom.com/wiki/Global_Village_Coffeehouse"
"Gloomcore","https://aesthetics.fandom.com/wiki/Gloomcore"
"Glowwave","https://aesthetics.fandom.com/wiki/Glowwave"
"Goblin Academia","https://aesthetics.fandom.com/wiki/Goblin_Academia"
"Goblincore","https://aesthetics.fandom.com/wiki/Goblincore"
"Golden Age of Detective Fiction","https://aesthetics.fandom.com/wiki/Golden_Age_of_Detective_Fiction"
"Golden Hour","https://aesthetics.fandom.com/wiki/Golden_Hour"
"Goofcore","https://aesthetics.fandom.com/wiki/Goofcore"
"Googie","https://aesthetics.fandom.com/wiki/Googie"
"Gopnik","https://aesthetics.fandom.com/wiki/Gopnik"
"Gorecore","https://aesthetics.fandom.com/wiki/Gorecore"
"Gorpcore","https://aesthetics.fandom.com/wiki/Gorpcore"
"Goth","https://aesthetics.fandom.com/wiki/Goth"
"Gothcore","https://aesthetics.fandom.com/wiki/Gothcore"
"Gothic","https://aesthetics.fandom.com/wiki/Gothic"
"Gothic Lolita","https://aesthetics.fandom.com/wiki/Gothic_Lolita"
"Goth Punk","https://aesthetics.fandom.com/wiki/Goth_Punk"
"Grandmillenial","https://aesthetics.fandom.com/wiki/Grandmillenial"
"Grandparentcore","https://aesthetics.fandom.com/wiki/Grandparentcore"
"Grasscore","https://aesthetics.fandom.com/wiki/Grasscore"
"Grażynacore","https://aesthetics.fandom.com/wiki/Gra%C5%BCynacore"
"Greaser","https://aesthetics.fandom.com/wiki/Greaser"
"Green Academia","https://aesthetics.fandom.com/wiki/Green_Academia"
"Grifes","https://aesthetics.fandom.com/wiki/Grifes"
"Grime Art","https://aesthetics.fandom.com/wiki/Grime_Art"
"Grindhouse","https://aesthetics.fandom.com/wiki/Grindhouse"
"Gross-Out Horror","https://aesthetics.fandom.com/wiki/Gross-Out_Horror"
"Grotesque","https://aesthetics.fandom.com/wiki/Grotesque"
"Groundcore","https://aesthetics.fandom.com/wiki/Groundcore"
"Grunge","https://aesthetics.fandom.com/wiki/Grunge"
"Gurokawa","https://aesthetics.fandom.com/wiki/Gurokawa"
"Gyaru","https://aesthetics.fandom.com/wiki/Gyaru"
"Hacker","https://aesthetics.fandom.com/wiki/Hacker"
"Harajuku Fashion","https://aesthetics.fandom.com/wiki/Harajuku_Fashion"
"Hair Metal","https://aesthetics.fandom.com/wiki/Hair_Metal"
"Hands Up","https://aesthetics.fandom.com/wiki/Hands_Up"
"Halloween","https://aesthetics.fandom.com/wiki/Halloween"
"Hallyu","https://aesthetics.fandom.com/wiki/Hallyu"
"Happycore","https://aesthetics.fandom.com/wiki/Happycore"
"Hatecore","https://aesthetics.fandom.com/wiki/Hatecore"
"Hauntology","https://aesthetics.fandom.com/wiki/Hauntology"
"Haute Couture","https://aesthetics.fandom.com/wiki/Haute_Couture"
"Haussmann Paris","https://aesthetics.fandom.com/wiki/Haussmann_Paris"
"Health Goth","https://aesthetics.fandom.com/wiki/Health_Goth"
"Heatwave","https://aesthetics.fandom.com/wiki/Heatwave"
"Heisei Retro","https://aesthetics.fandom.com/wiki/Heisei_Retro"
"Heistcore","https://aesthetics.fandom.com/wiki/Heistcore"
"Hellenic","https://aesthetics.fandom.com/wiki/Hellenic"
"Helvetica Aqua Aero","https://aesthetics.fandom.com/wiki/Helvetica_Aqua_Aero"
"Hermaphroditus","https://aesthetics.fandom.com/wiki/Hermaphroditus"
"Hermitpunk","https://aesthetics.fandom.com/wiki/Hermitpunk"
"Heroic Realism","https://aesthetics.fandom.com/wiki/Heroic_Realism"
"Heroin Chic","https://aesthetics.fandom.com/wiki/Heroin_Chic"
"Hexatron","https://aesthetics.fandom.com/wiki/Hexatron"
"HexD","https://aesthetics.fandom.com/wiki/HexD"
"High School Dream","https://aesthetics.fandom.com/wiki/High_School_Dream"
"Hikecore","https://aesthetics.fandom.com/wiki/Hikecore"
"Hime Lolita","https://aesthetics.fandom.com/wiki/Hime_Lolita"
"Hi-NRG","https://aesthetics.fandom.com/wiki/Hi-NRG"
"Hip-Hop","https://aesthetics.fandom.com/wiki/Hip-Hop"
"Hipness Purgatory","https://aesthetics.fandom.com/wiki/Hipness_Purgatory"
"Hippie","https://aesthetics.fandom.com/wiki/Hippie"
"Hipster","https://aesthetics.fandom.com/wiki/Hipster"
"Historical Americana","https://aesthetics.fandom.com/wiki/Historical_Americana"
"Himbocore","https://aesthetics.fandom.com/wiki/Himbocore"
"Holo","https://aesthetics.fandom.com/wiki/Holo"
"Holosexual","https://aesthetics.fandom.com/wiki/Holosexual"
"Hollywood Regency","https://aesthetics.fandom.com/wiki/Hollywood_Regency"
"Home 2K","https://aesthetics.fandom.com/wiki/Home_2K"
"Honeycore","https://aesthetics.fandom.com/wiki/Honeycore"
"Horror","https://aesthetics.fandom.com/wiki/Horror"
"Horror Academia","https://aesthetics.fandom.com/wiki/Horror_Academia"
"Hot Topic","https://aesthetics.fandom.com/wiki/Hot_Topic"
"Hydrogen","https://aesthetics.fandom.com/wiki/Hydrogen"
"Hypebeast","https://aesthetics.fandom.com/wiki/Hypebeast"
"Hyperborean","https://aesthetics.fandom.com/wiki/Hyperborean"
"Hyperpop","https://aesthetics.fandom.com/wiki/Hyperpop"
"Icepunk","https://aesthetics.fandom.com/wiki/Icepunk"
"Imaginarium","https://aesthetics.fandom.com/wiki/Imaginarium"
"Imperial Aztec","https://aesthetics.fandom.com/wiki/Imperial_Aztec"
"Imperial Romanov","https://aesthetics.fandom.com/wiki/Imperial_Romanov"
"Impressionism","https://aesthetics.fandom.com/wiki/Impressionism"
"Incel","https://aesthetics.fandom.com/wiki/Incel"
"Indicolite","https://aesthetics.fandom.com/wiki/Indicolite"
"Indie","https://aesthetics.fandom.com/wiki/Indie"
"Indiecraft","https://aesthetics.fandom.com/wiki/Indiecraft"
"Indie Kid","https://aesthetics.fandom.com/wiki/Indie_Kid"
"Indie Sleaze","https://aesthetics.fandom.com/wiki/Indie_Sleaze"
"Internet Academia","https://aesthetics.fandom.com/wiki/Internet_Academia"
"Internet Awesomesauce","https://aesthetics.fandom.com/wiki/Internet_Awesomesauce"
"Isocore","https://aesthetics.fandom.com/wiki/Isocore"
"I-Spy","https://aesthetics.fandom.com/wiki/I-Spy"
"Italian Futurism","https://aesthetics.fandom.com/wiki/Italian_Futurism"
"Italian Mafia","https://aesthetics.fandom.com/wiki/Italian_Mafia"
"Italian Renaissance","https://aesthetics.fandom.com/wiki/Italian_Renaissance"
"Italo Disco","https://aesthetics.fandom.com/wiki/Italo_Disco"
"Itasha","https://aesthetics.fandom.com/wiki/Itasha"
"Japanese New Left","https://aesthetics.fandom.com/wiki/Japanese_New_Left"
"Jejemon","https://aesthetics.fandom.com/wiki/Jejemon"
"Jersey Shore","https://aesthetics.fandom.com/wiki/Jersey_Shore"
"Jirai Kei","https://aesthetics.fandom.com/wiki/Jirai_Kei"
"Jock","https://aesthetics.fandom.com/wiki/Jock"
"Joyride","https://aesthetics.fandom.com/wiki/Joyride"
"Juggalo","https://aesthetics.fandom.com/wiki/Juggalo"
"Junglecore","https://aesthetics.fandom.com/wiki/Junglecore"
"Jungle Grunge","https://aesthetics.fandom.com/wiki/Jungle_Grunge"
"Karasu Zoku","https://aesthetics.fandom.com/wiki/Karasu_Zoku"
"Kawaii","https://aesthetics.fandom.com/wiki/Kawaii"
"Kawaii Gamer","https://aesthetics.fandom.com/wiki/Kawaii_Gamer"
"Kidcore","https://aesthetics.fandom.com/wiki/Kidcore"
"Kid Science","https://aesthetics.fandom.com/wiki/Kid_Science"
"Kimoicore","https://aesthetics.fandom.com/wiki/Kimoicore"
"Kinderwhore","https://aesthetics.fandom.com/wiki/Kinderwhore"
"Kingcore","https://aesthetics.fandom.com/wiki/Kingcore"
"King Gas","https://aesthetics.fandom.com/wiki/King_Gas"
"Kitschy","https://aesthetics.fandom.com/wiki/Kitschy"
"Kiwiana","https://aesthetics.fandom.com/wiki/Kiwiana"
"Knightcore","https://aesthetics.fandom.com/wiki/Knightcore"
"Kogal","https://aesthetics.fandom.com/wiki/Kogal"
"Korean Cozy Beige","https://aesthetics.fandom.com/wiki/Korean_Cozy_Beige"
"Krushclub","https://aesthetics.fandom.com/wiki/Krushclub"
"Kuromicore","https://aesthetics.fandom.com/wiki/Kuromicore"
"Labcore","https://aesthetics.fandom.com/wiki/Labcore"
"Lagenlook","https://aesthetics.fandom.com/wiki/Lagenlook"
"Larme Kei","https://aesthetics.fandom.com/wiki/Larme_Kei"
"Larpercore","https://aesthetics.fandom.com/wiki/Larpercore"
"La Sape","https://aesthetics.fandom.com/wiki/La_Sape"
"Las Movidas","https://aesthetics.fandom.com/wiki/Las_Movidas"
"Laser Grid","https://aesthetics.fandom.com/wiki/Laser_Grid"
"Late 2000s Elementary School","https://aesthetics.fandom.com/wiki/Late_2000s_Elementary_School"
"Lichencore","https://aesthetics.fandom.com/wiki/Lichencore"
"Light Academia","https://aesthetics.fandom.com/wiki/Light_Academia"
"Lightcore","https://aesthetics.fandom.com/wiki/Lightcore"
"Ligne Claire","https://aesthetics.fandom.com/wiki/Ligne_Claire"
"Lilac Femme","https://aesthetics.fandom.com/wiki/Lilac_Femme"
"Lil Girl","https://aesthetics.fandom.com/wiki/Lil_Girl"
"Liminal Space","https://aesthetics.fandom.com/wiki/Liminal_Space"
"Lit Kid","https://aesthetics.fandom.com/wiki/Lit_Kid"
"Live Laugh Love","https://aesthetics.fandom.com/wiki/Live_Laugh_Love"
"Lobotomy Chic","https://aesthetics.fandom.com/wiki/Lobotomy_Chic"
"Lo-Fi","https://aesthetics.fandom.com/wiki/Lo-Fi"
"Lolailo","https://aesthetics.fandom.com/wiki/Lolailo"
"LOLcore","https://aesthetics.fandom.com/wiki/LOLcore"
"Lolita","https://aesthetics.fandom.com/wiki/Lolita"
"Long Island","https://aesthetics.fandom.com/wiki/Long_Island"
"Lounge","https://aesthetics.fandom.com/wiki/Lounge"
"Lovecore","https://aesthetics.fandom.com/wiki/Lovecore"
"Low Poly","https://aesthetics.fandom.com/wiki/Low_Poly"
"Lunarpunk","https://aesthetics.fandom.com/wiki/Lunarpunk"
"Luxury","https://aesthetics.fandom.com/wiki/Luxury"
"Mad Scientist","https://aesthetics.fandom.com/wiki/Mad_Scientist"
"Magical Girl","https://aesthetics.fandom.com/wiki/Magical_Girl"
"Maid","https://aesthetics.fandom.com/wiki/Maid"
"Major League Gaming","https://aesthetics.fandom.com/wiki/Major_League_Gaming"
"Mallgoth","https://aesthetics.fandom.com/wiki/Mallgoth"
"Mall Ninja","https://aesthetics.fandom.com/wiki/Mall_Ninja"
"Mallsoft","https://aesthetics.fandom.com/wiki/Mallsoft"
"Manguebeat","https://aesthetics.fandom.com/wiki/Manguebeat"
"Manly Men","https://aesthetics.fandom.com/wiki/Manly_Men"
"Mary Sue","https://aesthetics.fandom.com/wiki/Mary_Sue"
"Maximalism","https://aesthetics.fandom.com/wiki/Maximalism"
"McBling","https://aesthetics.fandom.com/wiki/McBling"
"Meatcore","https://aesthetics.fandom.com/wiki/Meatcore"
"Med-Tech Visions","https://aesthetics.fandom.com/wiki/Med-Tech_Visions"
"Medicalcore","https://aesthetics.fandom.com/wiki/Medicalcore"
"Medieval","https://aesthetics.fandom.com/wiki/Medieval"
"Medieval Fantasy","https://aesthetics.fandom.com/wiki/Medieval_Fantasy"
"Melodycore","https://aesthetics.fandom.com/wiki/Melodycore"
"Memphis Design","https://aesthetics.fandom.com/wiki/Memphis_Design"
"Memphis Lite","https://aesthetics.fandom.com/wiki/Memphis_Lite"
"Memphis Rap","https://aesthetics.fandom.com/wiki/Memphis_Rap"
"Mermaid","https://aesthetics.fandom.com/wiki/Mermaid"
"Messy French It Girl","https://aesthetics.fandom.com/wiki/Messy_French_It_Girl"
"Metal","https://aesthetics.fandom.com/wiki/Metal"
"Metalcore","https://aesthetics.fandom.com/wiki/Metalcore"
"Metalheart","https://aesthetics.fandom.com/wiki/Metalheart"
"Metrosexual","https://aesthetics.fandom.com/wiki/Metrosexual"
"Miami Metro","https://aesthetics.fandom.com/wiki/Miami_Metro"
"Mid-Century Modern","https://aesthetics.fandom.com/wiki/Mid-Century_Modern"
"Midwest Emo","https://aesthetics.fandom.com/wiki/Midwest_Emo"
"Midwest Gothic","https://aesthetics.fandom.com/wiki/Midwest_Gothic"
"Milipili","https://aesthetics.fandom.com/wiki/Milipili"
"Military","https://aesthetics.fandom.com/wiki/Military"
"Milk","https://aesthetics.fandom.com/wiki/Milk"
"Mind Murder","https://aesthetics.fandom.com/wiki/Mind_Murder"
"Miniature","https://aesthetics.fandom.com/wiki/Miniature"
"Minimalism","https://aesthetics.fandom.com/wiki/Minimalism"
"Minivan Rock","https://aesthetics.fandom.com/wiki/Minivan_Rock"
"Minivoid","https://aesthetics.fandom.com/wiki/Minivoid"
"Miscellaneous Academia","https://aesthetics.fandom.com/wiki/Miscellaneous_Academia"
"Mizuiro","https://aesthetics.fandom.com/wiki/Mizuiro"
"Mob Wife","https://aesthetics.fandom.com/wiki/Mob_Wife"
"Mod","https://aesthetics.fandom.com/wiki/Mod"
"Modernism","https://aesthetics.fandom.com/wiki/Modernism"
"Modernisme","https://aesthetics.fandom.com/wiki/Modernisme"
"Moe","https://aesthetics.fandom.com/wiki/Moe"
"Moe Swag","https://aesthetics.fandom.com/wiki/Moe_Swag"
"Monstercore","https://aesthetics.fandom.com/wiki/Monstercore"
"Monumentality","https://aesthetics.fandom.com/wiki/Monumentality"
"Mori Kei","https://aesthetics.fandom.com/wiki/Mori_Kei"
"Morute","https://aesthetics.fandom.com/wiki/Morute"
"Mothcore","https://aesthetics.fandom.com/wiki/Mothcore"
"Motomami","https://aesthetics.fandom.com/wiki/Motomami"
"Mossy","https://aesthetics.fandom.com/wiki/Mossy"
"Mote Kei","https://aesthetics.fandom.com/wiki/Mote_Kei"
"MS Paint","https://aesthetics.fandom.com/wiki/MS_Paint"
"MTV Green Sky","https://aesthetics.fandom.com/wiki/MTV_Green_Sky"
"MTV 2 Overcast","https://aesthetics.fandom.com/wiki/MTV_2_Overcast"
"Mudéjar","https://aesthetics.fandom.com/wiki/Mud%C3%A9jar"
"Mulchcore","https://aesthetics.fandom.com/wiki/Mulchcore"
"Musical Academia","https://aesthetics.fandom.com/wiki/Musical_Academia"
"Mythpunk","https://aesthetics.fandom.com/wiki/Mythpunk"
"Nanchatte Seifuku","https://aesthetics.fandom.com/wiki/Nanchatte_Seifuku"
"Nanopunk","https://aesthetics.fandom.com/wiki/Nanopunk"
"Naturecore","https://aesthetics.fandom.com/wiki/Naturecore"
"Nautical","https://aesthetics.fandom.com/wiki/Nautical"
"Nautical Fantasy","https://aesthetics.fandom.com/wiki/Nautical_Fantasy"
"Nazi Chic","https://aesthetics.fandom.com/wiki/Nazi_Chic"
"Neon Noir","https://aesthetics.fandom.com/wiki/Neon_Noir"
"Necrotrap","https://aesthetics.fandom.com/wiki/Necrotrap"
"Neko","https://aesthetics.fandom.com/wiki/Neko"
"Neo Baroque","https://aesthetics.fandom.com/wiki/Neo_Baroque"
"Neoclassicism","https://aesthetics.fandom.com/wiki/Neoclassicism"
"Neo-Breton Style","https://aesthetics.fandom.com/wiki/Neo-Breton_Style"
"Neo-Celtic","https://aesthetics.fandom.com/wiki/Neo-Celtic"
"Neo-Pop","https://aesthetics.fandom.com/wiki/Neo-Pop"
"Neo-Romanism","https://aesthetics.fandom.com/wiki/Neo-Romanism"
"Neo-Tokyo","https://aesthetics.fandom.com/wiki/Neo-Tokyo"
"Neo-Tribal","https://aesthetics.fandom.com/wiki/Neo-Tribal"
"Neo-Vikings","https://aesthetics.fandom.com/wiki/Neo-Vikings"
"Nerd","https://aesthetics.fandom.com/wiki/Nerd"
"Nerdcore","https://aesthetics.fandom.com/wiki/Nerdcore"
"Neubrutalism","https://aesthetics.fandom.com/wiki/Neubrutalism"
"Neumorphism","https://aesthetics.fandom.com/wiki/Neumorphism"
"New Age","https://aesthetics.fandom.com/wiki/New_Age"
"New England","https://aesthetics.fandom.com/wiki/New_England"
"New England Gothic","https://aesthetics.fandom.com/wiki/New_England_Gothic"
"New Figuration","https://aesthetics.fandom.com/wiki/New_Figuration"
"New Money","https://aesthetics.fandom.com/wiki/New_Money"
"New Romantic","https://aesthetics.fandom.com/wiki/New_Romantic"
"New Spanish Catholic Girl","https://aesthetics.fandom.com/wiki/New_Spanish_Catholic_Girl"
"New Wave","https://aesthetics.fandom.com/wiki/New_Wave"
"Night Luxe","https://aesthetics.fandom.com/wiki/Night_Luxe"
"Nintencore","https://aesthetics.fandom.com/wiki/Nintencore"
"Normcore","https://aesthetics.fandom.com/wiki/Normcore"
"Northern Irish Muralism","https://aesthetics.fandom.com/wiki/Northern_Irish_Muralism"
"Northerness","https://aesthetics.fandom.com/wiki/Northerness"
"Nostalgiacore","https://aesthetics.fandom.com/wiki/Nostalgiacore"
"Noucentisme","https://aesthetics.fandom.com/wiki/Noucentisme"
"Nouveau Réalisme","https://aesthetics.fandom.com/wiki/Nouveau_R%C3%A9alisme"
"Nuclear","https://aesthetics.fandom.com/wiki/Nuclear"
"Nu-Goth","https://aesthetics.fandom.com/wiki/Nu-Goth"
"Nu-Metal","https://aesthetics.fandom.com/wiki/Nu-Metal"
"Nu-Punk","https://aesthetics.fandom.com/wiki/Nu-Punk"
"Nymphet","https://aesthetics.fandom.com/wiki/Nymphet"
"Ocean Academia","https://aesthetics.fandom.com/wiki/Ocean_Academia"
"Ocean Grunge","https://aesthetics.fandom.com/wiki/Ocean_Grunge"
"Oceanpunk","https://aesthetics.fandom.com/wiki/Oceanpunk"
"Office Siren","https://aesthetics.fandom.com/wiki/Office_Siren"
"Offlinecore","https://aesthetics.fandom.com/wiki/Offlinecore"
"Olderbrothercore","https://aesthetics.fandom.com/wiki/Olderbrothercore"
"Old Hollywood","https://aesthetics.fandom.com/wiki/Old_Hollywood"
"Old Meme","https://aesthetics.fandom.com/wiki/Old_Meme"
"Old Money","https://aesthetics.fandom.com/wiki/Old_Money"
"Onii Kei","https://aesthetics.fandom.com/wiki/Onii_Kei"
"Opium","https://aesthetics.fandom.com/wiki/Opium"
"Oshare Kei","https://aesthetics.fandom.com/wiki/Oshare_Kei"
"Otaku","https://aesthetics.fandom.com/wiki/Otaku"
"OtoMAD","https://aesthetics.fandom.com/wiki/OtoMAD"
"Pachuco","https://aesthetics.fandom.com/wiki/Pachuco"
"Pale Grunge","https://aesthetics.fandom.com/wiki/Pale_Grunge"
"Paleocore","https://aesthetics.fandom.com/wiki/Paleocore"
"Palewave","https://aesthetics.fandom.com/wiki/Palewave"
"Paramilitary","https://aesthetics.fandom.com/wiki/Paramilitary"
"Party Animal","https://aesthetics.fandom.com/wiki/Party_Animal"
"Party Kei","https://aesthetics.fandom.com/wiki/Party_Kei"
"Pastel Academia","https://aesthetics.fandom.com/wiki/Pastel_Academia"
"Pastel Gore","https://aesthetics.fandom.com/wiki/Pastel_Gore"
"Pastel Goth","https://aesthetics.fandom.com/wiki/Pastel_Goth"
"Pastel Punk","https://aesthetics.fandom.com/wiki/Pastel_Punk"
"Peach","https://aesthetics.fandom.com/wiki/Peach"
"Peaky Blinders","https://aesthetics.fandom.com/wiki/Peaky_Blinders"
"Pearly","https://aesthetics.fandom.com/wiki/Pearly"
"PEEPS","https://aesthetics.fandom.com/wiki/PEEPS"
"Peoplehood","https://aesthetics.fandom.com/wiki/Peoplehood"
"Petcore","https://aesthetics.fandom.com/wiki/Petcore"
"Phony Bureaucracy","https://aesthetics.fandom.com/wiki/Phony_Bureaucracy"
"Photorealism","https://aesthetics.fandom.com/wiki/Photorealism"
"Picniccore","https://aesthetics.fandom.com/wiki/Picniccore"
"Pig in Jacuzzicore","https://aesthetics.fandom.com/wiki/Pig_in_Jacuzzicore"
"Pijo","https://aesthetics.fandom.com/wiki/Pijo"
"Pink Parisian","https://aesthetics.fandom.com/wiki/Pink_Parisian"
"Pink Pilates Princess","https://aesthetics.fandom.com/wiki/Pink_Pilates_Princess"
"Pink Princess","https://aesthetics.fandom.com/wiki/Pink_Princess"
"Pin-up","https://aesthetics.fandom.com/wiki/Pin-up"
"Pirate","https://aesthetics.fandom.com/wiki/Pirate"
"Pixelboard","https://aesthetics.fandom.com/wiki/Pixelboard"
"Pixel Cutie","https://aesthetics.fandom.com/wiki/Pixel_Cutie"
"Pixel Medieval Fantasy","https://aesthetics.fandom.com/wiki/Pixel_Medieval_Fantasy"
"Pixel UI","https://aesthetics.fandom.com/wiki/Pixel_UI"
"Pixelscape","https://aesthetics.fandom.com/wiki/Pixelscape"
"Pixiecore","https://aesthetics.fandom.com/wiki/Pixiecore"
"Plaguecore","https://aesthetics.fandom.com/wiki/Plaguecore"
"Plant Mom","https://aesthetics.fandom.com/wiki/Plant_Mom"
"Playboy","https://aesthetics.fandom.com/wiki/Playboy"
"Poetcore","https://aesthetics.fandom.com/wiki/Poetcore"
"Pokemón","https://aesthetics.fandom.com/wiki/Pokem%C3%B3n"
"Pont-Aven School","https://aesthetics.fandom.com/wiki/Pont-Aven_School"
"Politicalwave","https://aesthetics.fandom.com/wiki/Politicalwave"
"Poolcore","https://aesthetics.fandom.com/wiki/Poolcore"
"Pop Art","https://aesthetics.fandom.com/wiki/Pop_Art"
"Pop Kei","https://aesthetics.fandom.com/wiki/Pop_Kei"
"Poppare","https://aesthetics.fandom.com/wiki/Poppare"
"Post-Apocalyptic","https://aesthetics.fandom.com/wiki/Post-Apocalyptic"
"Post-Impressionism","https://aesthetics.fandom.com/wiki/Post-Impressionism"
"Post-Punk","https://aesthetics.fandom.com/wiki/Post-Punk"
"Post-Rock","https://aesthetics.fandom.com/wiki/Post-Rock"
"Poster Gal","https://aesthetics.fandom.com/wiki/Poster_Gal"
"Powwow Step","https://aesthetics.fandom.com/wiki/Powwow_Step"
"Prairie","https://aesthetics.fandom.com/wiki/Prairie"
"Precisionism","https://aesthetics.fandom.com/wiki/Precisionism"
"Prehistoric","https://aesthetics.fandom.com/wiki/Prehistoric"
"Preppy","https://aesthetics.fandom.com/wiki/Preppy"
"Pre-Raphaelite","https://aesthetics.fandom.com/wiki/Pre-Raphaelite"
"Pretty Preppy","https://aesthetics.fandom.com/wiki/Pretty_Preppy"
"Pride flags","https://aesthetics.fandom.com/wiki/Pride_flags"
"Princecore","https://aesthetics.fandom.com/wiki/Princecore"
"Princesscore","https://aesthetics.fandom.com/wiki/Princesscore"
"Printcore","https://aesthetics.fandom.com/wiki/Printcore"
"Prisoncore","https://aesthetics.fandom.com/wiki/Prisoncore"
"Progressive Academia","https://aesthetics.fandom.com/wiki/Progressive_Academia"
"Proto-Flat Web","https://aesthetics.fandom.com/wiki/Proto-Flat_Web"
"Psychedelica","https://aesthetics.fandom.com/wiki/Psychedelica"
"Psychonaut","https://aesthetics.fandom.com/wiki/Psychonaut"
"PSY-OP Girl","https://aesthetics.fandom.com/wiki/PSY-OP_Girl"
"Punk","https://aesthetics.fandom.com/wiki/Punk"
"Purism","https://aesthetics.fandom.com/wiki/Purism"
"Quality Tumblr","https://aesthetics.fandom.com/wiki/Quality_Tumblr"
"Queencore","https://aesthetics.fandom.com/wiki/Queencore"
"Queer Academia","https://aesthetics.fandom.com/wiki/Queer_Academia"
"Queercore","https://aesthetics.fandom.com/wiki/Queercore"
"Queer Villainy","https://aesthetics.fandom.com/wiki/Queer_Villainy"
"R&B","https://aesthetics.fandom.com/wiki/R%26B"
"Racaille","https://aesthetics.fandom.com/wiki/Racaille"
"Rage HD","https://aesthetics.fandom.com/wiki/Rage_HD"
"Rainbowcore","https://aesthetics.fandom.com/wiki/Rainbowcore"
"Rainy Day","https://aesthetics.fandom.com/wiki/Rainy_Day"
"Randumb","https://aesthetics.fandom.com/wiki/Randumb"
"Rangercore","https://aesthetics.fandom.com/wiki/Rangercore"
"Ravencore","https://aesthetics.fandom.com/wiki/Ravencore"
"Raver","https://aesthetics.fandom.com/wiki/Raver"
"Raxet","https://aesthetics.fandom.com/wiki/Raxet"
"Raygun Gothic","https://aesthetics.fandom.com/wiki/Raygun_Gothic"
"Real Life Super Hero","https://aesthetics.fandom.com/wiki/Real_Life_Super_Hero"
"Realism","https://aesthetics.fandom.com/wiki/Realism"
"Rebel Academia","https://aesthetics.fandom.com/wiki/Rebel_Academia"
"Red Academia","https://aesthetics.fandom.com/wiki/Red_Academia"
"Reefwave","https://aesthetics.fandom.com/wiki/Reefwave"
"Regency","https://aesthetics.fandom.com/wiki/Regency"
"Reggaetonero","https://aesthetics.fandom.com/wiki/Reggaetonero"
"Regional Gothic","https://aesthetics.fandom.com/wiki/Regional_Gothic"
"Renewable Corporate Futurism","https://aesthetics.fandom.com/wiki/Renewable_Corporate_Futurism"
"Retro Fairycore","https://aesthetics.fandom.com/wiki/Retro_Fairycore"
"Retro-Futurism","https://aesthetics.fandom.com/wiki/Retro-Futurism"
"Revcore","https://aesthetics.fandom.com/wiki/Revcore"
"Revengecore","https://aesthetics.fandom.com/wiki/Revengecore"
"Riotwave","https://aesthetics.fandom.com/wiki/Riotwave"
"Rivethead","https://aesthetics.fandom.com/wiki/Rivethead"
"Roaring 20s","https://aesthetics.fandom.com/wiki/Roaring_20s"
"Robotcore","https://aesthetics.fandom.com/wiki/Robotcore"
"Robotics Kids","https://aesthetics.fandom.com/wiki/Robotics_Kids"
"Rock","https://aesthetics.fandom.com/wiki/Rock"
"Rockabilly","https://aesthetics.fandom.com/wiki/Rockabilly"
"Rocketpunk","https://aesthetics.fandom.com/wiki/Rocketpunk"
"Rockstar GF","https://aesthetics.fandom.com/wiki/Rockstar_GF"
"Rococo","https://aesthetics.fandom.com/wiki/Rococo"
"Roguecore","https://aesthetics.fandom.com/wiki/Roguecore"
"Rollerwave","https://aesthetics.fandom.com/wiki/Rollerwave"
"Romanesque","https://aesthetics.fandom.com/wiki/Romanesque"
"Romantic Academia","https://aesthetics.fandom.com/wiki/Romantic_Academia"
"Romantic Chinese Village","https://aesthetics.fandom.com/wiki/Romantic_Chinese_Village"
"Romantic Goth","https://aesthetics.fandom.com/wiki/Romantic_Goth"
"Romanticism","https://aesthetics.fandom.com/wiki/Romanticism"
"Romantic Italian","https://aesthetics.fandom.com/wiki/Romantic_Italian"
"Rotcore","https://aesthetics.fandom.com/wiki/Rotcore"
"Royalcore","https://aesthetics.fandom.com/wiki/Royalcore"
"Rubberhose","https://aesthetics.fandom.com/wiki/Rubberhose"
"Rustic","https://aesthetics.fandom.com/wiki/Rustic"
"Sacricore","https://aesthetics.fandom.com/wiki/Sacricore"
"Sad Beige","https://aesthetics.fandom.com/wiki/Sad_Beige"
"Sadpeople","https://aesthetics.fandom.com/wiki/Sadpeople"
"Saint Patricks Day","https://aesthetics.fandom.com/wiki/Saint_Patrick%27s_Day"
"Salon Kei","https://aesthetics.fandom.com/wiki/Salon_Kei"
"Salvagepunk","https://aesthetics.fandom.com/wiki/Salvagepunk"
"Sandalpunk","https://aesthetics.fandom.com/wiki/Sandalpunk"
"Sanriocore","https://aesthetics.fandom.com/wiki/Sanriocore"
"Scandi Girl Winter","https://aesthetics.fandom.com/wiki/Scandi_Girl_Winter"
"Scandinavian Design","https://aesthetics.fandom.com/wiki/Scandinavian_Design"
"Scene","https://aesthetics.fandom.com/wiki/Scene"
"School Anti-Bullying Positivity Reinforcement","https://aesthetics.fandom.com/wiki/School_Anti-Bullying_Positivity_Reinforcement"
"Science Academia","https://aesthetics.fandom.com/wiki/Science_Academia"
"Scottish Highlands","https://aesthetics.fandom.com/wiki/Scottish_Highlands"
"Scoutcore","https://aesthetics.fandom.com/wiki/Scoutcore"
"Scrapbook","https://aesthetics.fandom.com/wiki/Scrapbook"
"Scrapper","https://aesthetics.fandom.com/wiki/Scrapper"
"Seapunk","https://aesthetics.fandom.com/wiki/Seapunk"
"Sega Uranus","https://aesthetics.fandom.com/wiki/Sega_Uranus"
"Seiz Breur","https://aesthetics.fandom.com/wiki/Seiz_Breur"
"Selkiecore","https://aesthetics.fandom.com/wiki/Selkiecore"
"Sextrance","https://aesthetics.fandom.com/wiki/Sextrance"
"Shabby Chic","https://aesthetics.fandom.com/wiki/Shabby_Chic"
"Shamate","https://aesthetics.fandom.com/wiki/Shamate"
"Shanzhai","https://aesthetics.fandom.com/wiki/Shanzhai"
"Sharpies","https://aesthetics.fandom.com/wiki/Sharpies"
"Shibuya Punk","https://aesthetics.fandom.com/wiki/Shibuya_Punk"
"Shiny Suit 97","https://aesthetics.fandom.com/wiki/Shiny_Suit_97"
"Shironuri","https://aesthetics.fandom.com/wiki/Shironuri"
"Shoe Diva","https://aesthetics.fandom.com/wiki/Shoe_Diva"
"Shoegaze","https://aesthetics.fandom.com/wiki/Shoegaze"
"Shoujo","https://aesthetics.fandom.com/wiki/Shoujo"
"Sigilkore","https://aesthetics.fandom.com/wiki/Sigilkore"
"Sigma","https://aesthetics.fandom.com/wiki/Sigma"
"Signalism","https://aesthetics.fandom.com/wiki/Signalism"
"SK8","https://aesthetics.fandom.com/wiki/SK8"
"Silicon Dreams","https://aesthetics.fandom.com/wiki/Silicon_Dreams"
"Silkpunk","https://aesthetics.fandom.com/wiki/Silkpunk"
"Simplecore","https://aesthetics.fandom.com/wiki/Simplecore"
"Silly","https://aesthetics.fandom.com/wiki/Silly"
"Sizz","https://aesthetics.fandom.com/wiki/Sizz"
"Skater","https://aesthetics.fandom.com/wiki/Skater"
"Skeuomorphism","https://aesthetics.fandom.com/wiki/Skeuomorphism"
"Skinheads","https://aesthetics.fandom.com/wiki/Skinheads"
"Slam Pop","https://aesthetics.fandom.com/wiki/Slam_Pop"
"Slimepunk","https://aesthetics.fandom.com/wiki/Slimepunk"
"Sloanie","https://aesthetics.fandom.com/wiki/Sloanie"
"Sleepycore","https://aesthetics.fandom.com/wiki/Sleepycore"
"Slutcore","https://aesthetics.fandom.com/wiki/Slutcore"
"Snackwave","https://aesthetics.fandom.com/wiki/Snackwave"
"Snow Bunny","https://aesthetics.fandom.com/wiki/Snow_Bunny"
"Snowdrop","https://aesthetics.fandom.com/wiki/Snowdrop"
"Social Science Academia","https://aesthetics.fandom.com/wiki/Social_Science_Academia"
"Socialist Realism","https://aesthetics.fandom.com/wiki/Socialist_Realism"
"Soft Apocalypse","https://aesthetics.fandom.com/wiki/Soft_Apocalypse"
"Soft Colonial Wanderlust","https://aesthetics.fandom.com/wiki/Soft_Colonial_Wanderlust"
"Soft Countriana","https://aesthetics.fandom.com/wiki/Soft_Countriana"
"Soft Grunge","https://aesthetics.fandom.com/wiki/Soft_Grunge"
"Softie","https://aesthetics.fandom.com/wiki/Softie"
"Soft Indie","https://aesthetics.fandom.com/wiki/Soft_Indie"
"Soft Macabre","https://aesthetics.fandom.com/wiki/Soft_Macabre"
"Soft Morningcore","https://aesthetics.fandom.com/wiki/Soft_Morningcore"
"Soggy","https://aesthetics.fandom.com/wiki/Soggy"
"Solarcore","https://aesthetics.fandom.com/wiki/Solarcore"
"Solarpunk","https://aesthetics.fandom.com/wiki/Solarpunk"
"So Retro","https://aesthetics.fandom.com/wiki/So_Retro"
"Southern Belle","https://aesthetics.fandom.com/wiki/Southern_Belle"
"Southern Gothic","https://aesthetics.fandom.com/wiki/Southern_Gothic"
"Soviet Bloc School","https://aesthetics.fandom.com/wiki/Soviet_Bloc_School"
"Soviet Brutalism","https://aesthetics.fandom.com/wiki/Soviet_Brutalism"
"Soviet Nostalgia","https://aesthetics.fandom.com/wiki/Soviet_Nostalgia"
"Sovietwave","https://aesthetics.fandom.com/wiki/Sovietwave"
"Spacecore","https://aesthetics.fandom.com/wiki/Spacecore"
"Spanish Golden Age","https://aesthetics.fandom.com/wiki/Spanish_Golden_Age"
"Sparklecore","https://aesthetics.fandom.com/wiki/Sparklecore"
"Spiritcore","https://aesthetics.fandom.com/wiki/Spiritcore"
"Spriggancore","https://aesthetics.fandom.com/wiki/Spriggancore"
"Spring","https://aesthetics.fandom.com/wiki/Spring"
"Spy Fiction","https://aesthetics.fandom.com/wiki/Spy_Fiction"
"Stargirl","https://aesthetics.fandom.com/wiki/Stargirl"
"Starrflesh","https://aesthetics.fandom.com/wiki/Starrflesh"
"Steampunk","https://aesthetics.fandom.com/wiki/Steampunk"
"Steelpunk","https://aesthetics.fandom.com/wiki/Steelpunk"
"Stellar Scholar","https://aesthetics.fandom.com/wiki/Stellar_Scholar"
"Stilyagi","https://aesthetics.fandom.com/wiki/Stilyagi"
"Stimwave","https://aesthetics.fandom.com/wiki/Stimwave"
"Stonepunk","https://aesthetics.fandom.com/wiki/Stonepunk"
"Stoner","https://aesthetics.fandom.com/wiki/Stoner"
"Strega","https://aesthetics.fandom.com/wiki/Strega"
"Stripcore","https://aesthetics.fandom.com/wiki/Stripcore"
"Studyblr","https://aesthetics.fandom.com/wiki/Studyblr"
"Studyplace","https://aesthetics.fandom.com/wiki/Studyplace"
"Suburban Gothic","https://aesthetics.fandom.com/wiki/Suburban_Gothic"
"Sukeban","https://aesthetics.fandom.com/wiki/Sukeban"
"Summer","https://aesthetics.fandom.com/wiki/Summer"
"Superflat Pop","https://aesthetics.fandom.com/wiki/Superflat_Pop"
"Suprematism","https://aesthetics.fandom.com/wiki/Suprematism"
"Surf Crush","https://aesthetics.fandom.com/wiki/Surf_Crush"
"Surfer","https://aesthetics.fandom.com/wiki/Surfer"
"Surrealism","https://aesthetics.fandom.com/wiki/Surrealism"
"Surreal Memer","https://aesthetics.fandom.com/wiki/Surreal_Memer"
"Sweet Lolita","https://aesthetics.fandom.com/wiki/Sweet_Lolita"
"Swenkas","https://aesthetics.fandom.com/wiki/Swenkas"
"Swordpunk","https://aesthetics.fandom.com/wiki/Swordpunk"
"Synthwave","https://aesthetics.fandom.com/wiki/Synthwave"
"Tacticool","https://aesthetics.fandom.com/wiki/Tacticool"
"Taisho Roman","https://aesthetics.fandom.com/wiki/Taisho_Roman"
"Takenokozoku","https://aesthetics.fandom.com/wiki/Takenokozoku"
"Tango","https://aesthetics.fandom.com/wiki/Tango"
"Teamer","https://aesthetics.fandom.com/wiki/Teamer"
"Technical Scene","https://aesthetics.fandom.com/wiki/Technical_Scene"
"Technocore","https://aesthetics.fandom.com/wiki/Technocore"
"Technoneko2000","https://aesthetics.fandom.com/wiki/Technoneko2000"
"Technozen","https://aesthetics.fandom.com/wiki/Technozen"
"Techwear","https://aesthetics.fandom.com/wiki/Techwear"
"Tecktonik","https://aesthetics.fandom.com/wiki/Tecktonik"
"Teddy Boys","https://aesthetics.fandom.com/wiki/Teddy_Boys"
"Teenage Dream","https://aesthetics.fandom.com/wiki/Teenage_Dream"
"Teenagers in the Woods","https://aesthetics.fandom.com/wiki/Teenagers_in_the_Woods"
"Teenpunk","https://aesthetics.fandom.com/wiki/Teenpunk"
"Teenqueen","https://aesthetics.fandom.com/wiki/Teenqueen"
"Telstracore","https://aesthetics.fandom.com/wiki/Telstracore"
"Tendercore","https://aesthetics.fandom.com/wiki/Tendercore"
"Terrorwave","https://aesthetics.fandom.com/wiki/Terrorwave"
"Teslapunk","https://aesthetics.fandom.com/wiki/Teslapunk"
"TGIF Crush","https://aesthetics.fandom.com/wiki/TGIF_Crush"
"That Girl","https://aesthetics.fandom.com/wiki/That_Girl"
"Theatre Academia","https://aesthetics.fandom.com/wiki/Theatre_Academia"
"Theatre Kid","https://aesthetics.fandom.com/wiki/Theatre_Kid"
"The Box 96","https://aesthetics.fandom.com/wiki/The_Box_96"
"The WB Crush","https://aesthetics.fandom.com/wiki/The_WB_Crush"
"Thrasher","https://aesthetics.fandom.com/wiki/Thrasher"
"Thriftcore","https://aesthetics.fandom.com/wiki/Thriftcore"
"Tiki","https://aesthetics.fandom.com/wiki/Tiki"
"Tinkercore","https://aesthetics.fandom.com/wiki/Tinkercore"
"Tinycore","https://aesthetics.fandom.com/wiki/Tinycore"
"Tomato Girl Summer","https://aesthetics.fandom.com/wiki/Tomato_Girl_Summer"
"Tomboy","https://aesthetics.fandom.com/wiki/Tomboy"
"Total Afternoon Live","https://aesthetics.fandom.com/wiki/Total_Afternoon_Live"
"Toxiccore","https://aesthetics.fandom.com/wiki/Toxiccore"
"Trad Goth","https://aesthetics.fandom.com/wiki/Trad_Goth"
"Trailer Park Princess","https://aesthetics.fandom.com/wiki/Trailer_Park_Princess"
"Tranquil Spa Graphics","https://aesthetics.fandom.com/wiki/Tranquil_Spa_Graphics"
"Trap Metal","https://aesthetics.fandom.com/wiki/Trap_Metal"
"Trashcore","https://aesthetics.fandom.com/wiki/Trashcore"
"Trashy Raver","https://aesthetics.fandom.com/wiki/Trashy_Raver"
"Traumacore","https://aesthetics.fandom.com/wiki/Traumacore"
"Trenchcore","https://aesthetics.fandom.com/wiki/Trenchcore"
"Trillwave","https://aesthetics.fandom.com/wiki/Trillwave"
"Triple Chic","https://aesthetics.fandom.com/wiki/Triple_Chic"
"Tropical","https://aesthetics.fandom.com/wiki/Tropical"
"Tropicalcore","https://aesthetics.fandom.com/wiki/Tropicalcore"
"Tropical Disco","https://aesthetics.fandom.com/wiki/Tropical_Disco"
"Tumblewave","https://aesthetics.fandom.com/wiki/Tumblewave"
"Tupinipunk","https://aesthetics.fandom.com/wiki/Tupinipunk"
"Tuscan Rustic","https://aesthetics.fandom.com/wiki/Tuscan_Rustic"
"Twee","https://aesthetics.fandom.com/wiki/Twee"
"Tweencore","https://aesthetics.fandom.com/wiki/Tweencore"
"Twilightcore","https://aesthetics.fandom.com/wiki/Twilightcore"
"Ukiyo-e","https://aesthetics.fandom.com/wiki/Ukiyo-e"
"Ukrainian New Wave","https://aesthetics.fandom.com/wiki/Ukrainian_New_Wave"
"Ultra-Realistic Meme","https://aesthetics.fandom.com/wiki/Ultra-Realistic_Meme"
"Ultraviolet Crush","https://aesthetics.fandom.com/wiki/Ultraviolet_Crush"
"Ulzzang","https://aesthetics.fandom.com/wiki/Ulzzang"
"Unicorncore","https://aesthetics.fandom.com/wiki/Unicorncore"
"Uptown Girl","https://aesthetics.fandom.com/wiki/Uptown_Girl"
"Urbancore","https://aesthetics.fandom.com/wiki/Urbancore"
"Urban Fantasy","https://aesthetics.fandom.com/wiki/Urban_Fantasy"
"UrBling","https://aesthetics.fandom.com/wiki/UrBling"
"Utopian Scholastic","https://aesthetics.fandom.com/wiki/Utopian_Scholastic"
"Vacation Dadcore","https://aesthetics.fandom.com/wiki/Vacation_Dadcore"
"Vampire","https://aesthetics.fandom.com/wiki/Vampire"
"Vanilla Girl","https://aesthetics.fandom.com/wiki/Vanilla_Girl"
"Vaporwave","https://aesthetics.fandom.com/wiki/Vaporwave"
"VARIOUSXYZ","https://aesthetics.fandom.com/wiki/VARIOUSXYZ"
"Vectorcore","https://aesthetics.fandom.com/wiki/Vectorcore"
"Vectorflourish","https://aesthetics.fandom.com/wiki/Vectorflourish"
"Vectorheart","https://aesthetics.fandom.com/wiki/Vectorheart"
"Vh1 Sepia Sky","https://aesthetics.fandom.com/wiki/Vh1_Sepia_Sky"
"Vibrant Academia","https://aesthetics.fandom.com/wiki/Vibrant_Academia"
"Victorian","https://aesthetics.fandom.com/wiki/Victorian"
"Victorian Goth","https://aesthetics.fandom.com/wiki/Victorian_Goth"
"Victorian Urban Poverty","https://aesthetics.fandom.com/wiki/Victorian_Urban_Poverty"
"Viking","https://aesthetics.fandom.com/wiki/Viking"
"Villagecore","https://aesthetics.fandom.com/wiki/Villagecore"
"Villaincore","https://aesthetics.fandom.com/wiki/Villaincore"
"Vintage Americana","https://aesthetics.fandom.com/wiki/Vintage_Americana"
"Vintage British Sportsman","https://aesthetics.fandom.com/wiki/Vintage_British_Sportsman"
"Vintage Hero","https://aesthetics.fandom.com/wiki/Vintage_Hero"
"Violencecore","https://aesthetics.fandom.com/wiki/Violencecore"
"Virgos Tears","https://aesthetics.fandom.com/wiki/Virgo%27s_Tears"
"Visual Kei","https://aesthetics.fandom.com/wiki/Visual_Kei"
"Visual Pollution","https://aesthetics.fandom.com/wiki/Visual_Pollution"
"Voidcore","https://aesthetics.fandom.com/wiki/Voidcore"
"Void-Meme","https://aesthetics.fandom.com/wiki/Void-Meme"
"Voidpunk","https://aesthetics.fandom.com/wiki/Voidpunk"
"Vorticism","https://aesthetics.fandom.com/wiki/Vorticism"
"VSCO","https://aesthetics.fandom.com/wiki/VSCO"
"VSCO Preppy","https://aesthetics.fandom.com/wiki/VSCO_Preppy"
"Vulture Culture","https://aesthetics.fandom.com/wiki/Vulture_Culture"
"Wabi-Sabi","https://aesthetics.fandom.com/wiki/Wabi-Sabi"
"Waif","https://aesthetics.fandom.com/wiki/Waif"
"Waldorf","https://aesthetics.fandom.com/wiki/Waldorf"
"Wanderlust","https://aesthetics.fandom.com/wiki/Wanderlust"
"Warmcore","https://aesthetics.fandom.com/wiki/Warmcore"
"Weathercore","https://aesthetics.fandom.com/wiki/Weathercore"
"Webcore","https://aesthetics.fandom.com/wiki/Webcore"
"Web Creep","https://aesthetics.fandom.com/wiki/Web_Creep"
"Weeaboo","https://aesthetics.fandom.com/wiki/Weeaboo"
"Weirdcore","https://aesthetics.fandom.com/wiki/Weirdcore"
"Welwitschia Goth","https://aesthetics.fandom.com/wiki/Welwitschia_Goth"
"Werewolf","https://aesthetics.fandom.com/wiki/Werewolf"
"Western","https://aesthetics.fandom.com/wiki/Western"
"Wetcore","https://aesthetics.fandom.com/wiki/Wetcore"
"Whimsical Coquette","https://aesthetics.fandom.com/wiki/Whimsical_Coquette"
"Whimsigothic","https://aesthetics.fandom.com/wiki/Whimsigothic"
"Wholesome Meme","https://aesthetics.fandom.com/wiki/Wholesome_Meme"
"Wild Child","https://aesthetics.fandom.com/wiki/Wild_Child"
"Wimmelbilderbuch","https://aesthetics.fandom.com/wiki/Wimmelbilderbuch"
"Winter","https://aesthetics.fandom.com/wiki/Winter"
"Winter Academia","https://aesthetics.fandom.com/wiki/Winter_Academia"
"Winter Fairy Coquette","https://aesthetics.fandom.com/wiki/Winter_Fairy_Coquette"
"Witchcore","https://aesthetics.fandom.com/wiki/Witchcore"
"Witch House","https://aesthetics.fandom.com/wiki/Witch_House"
"Witchy Academia","https://aesthetics.fandom.com/wiki/Witchy_Academia"
"Wixa","https://aesthetics.fandom.com/wiki/Wixa"
"Wizardcore","https://aesthetics.fandom.com/wiki/Wizardcore"
"Wizardposting","https://aesthetics.fandom.com/wiki/Wizardposting"
"Wonderland","https://aesthetics.fandom.com/wiki/Wonderland"
"Word Cloud","https://aesthetics.fandom.com/wiki/Word_Cloud"
"Wormcore","https://aesthetics.fandom.com/wiki/Wormcore"
"Wota","https://aesthetics.fandom.com/wiki/Wota"
"Writer Academia","https://aesthetics.fandom.com/wiki/Writer_Academia"
"Wuxia","https://aesthetics.fandom.com/wiki/Wuxia"
"XO","https://aesthetics.fandom.com/wiki/XO"
"Xpiritualism","https://aesthetics.fandom.com/wiki/Xpiritualism"
"Y2K","https://aesthetics.fandom.com/wiki/Y2K"
"Yakuza","https://aesthetics.fandom.com/wiki/Yakuza"
"Yami Kawaii","https://aesthetics.fandom.com/wiki/Yami_Kawaii"
"Yandere","https://aesthetics.fandom.com/wiki/Yandere"
"Yanki","https://aesthetics.fandom.com/wiki/Yanki"
"Yellow Academia","https://aesthetics.fandom.com/wiki/Yellow_Academia"
"Yé-yé Girl","https://aesthetics.fandom.com/wiki/Y%C3%A9-y%C3%A9_Girl"
"Yōkai","https://aesthetics.fandom.com/wiki/Y%C5%8Dkai"
"Youthquake","https://aesthetics.fandom.com/wiki/Youthquake"
"Yume Kawaii","https://aesthetics.fandom.com/wiki/Yume_Kawaii"
"Zenitism","https://aesthetics.fandom.com/wiki/Zenitism"
"Zombie Apocalypse","https://aesthetics.fandom.com/wiki/Zombie_Apocalypse"
